"last_name, first_name","player_id","attempts","avg_hit_angle","anglesweetspotpercent","max_hit_speed","avg_hit_speed","ev50","fbld","gb","max_distance","avg_distance","avg_hr_distance","ev95plus","ev95percent","barrels","brl_percent","brl_pa"
"Irvin, Jake","663623","595","12.8",34.6,"112.6","90.4","79.3","94.6","86.9","464","172","400","280",47.1,"71",11.9,9
"Littell, Zack","641793","587","14.6",32.7,"114.5","90.2","80.2","94.3","87.2","428","172","391","240",40.9,"58",9.9,7.6
"Webb, Logan","657277","579","5.7",32.5,"116.8","89.7","78.4","93.7","87.3","454","135","395","233",40.2,"48",8.3,5.6
"Pfaadt, Brandon","694297","570","12.5",39.1,"114.8","90.8","79.6","94.8","87.5","449","170","405","261",45.8,"62",10.9,8.1
"Gallen, Zac","668678","568","12.4",34.2,"112","90.1","79.5","93.6","86.6","467","170","401","244",43,"55",9.7,6.8
"Parker, Mitchell","680730","560","14.7",37.3,"115.4","92.3","82.5","95.1","90.5","466","181","400","280",50,"54",9.6,7.4
"Fried, Max","608331","551","6.9",29.4,"113.8","87.2","74.9","91.6","85","429","140","395","205",37.2,"38",6.9,4.7
"Sánchez, Cristopher","650911","545","3",27,"115.2","89","77.4","93","86.9","418","127","387","217",39.8,"31",5.7,3.8
"Freeland, Kyle","607536","541","12.7",36.8,"115.4","91.1","81","93.9","88.6","452","173","399","256",47.3,"51",9.4,7.2
"Wacha, Michael","608379","540","17.7",36.5,"113.9","87.5","76.1","92","84.4","430","173","406","187",34.6,"40",7.4,5.6
"Valdez, Framber","664285","540","2.7",28,"115.9","90.8","80","94.6","88.9","425","127","391","250",46.3,"36",6.7,4.5
"Keller, Mitch","656605","537","11.8",34.6,"115.4","90.1","79.4","93.9","88.1","451","165","402","235",43.8,"42",7.8,5.6
"Pallante, Andre","669467","536","1.4",28.4,"119.4","89.2","77.9","93.1","87.3","448","125","394","214",39.9,"35",6.5,4.9
"Alcantara, Sandy","645261","536","9.4",33,"117.9","90.7","80.2","94.9","87.5","433","159","399","241",45,"46",8.6,6.2
"Bibee, Tanner","676440","536","13.8",29.5,"115.8","88.5","77.5","92.5","86.7","449","157","393","196",36.6,"43",8,5.6
"Hendricks, Kyle","543294","533","16.3",32.6,"112.5","86.1","73.7","90.6","83","423","169","395","183",34.3,"44",8.3,6.3
"Gausman, Kevin","592332","531","16.5",35,"116.5","89.3","78.1","93.5","85.2","425","179","392","220",41.4,"45",8.5,5.8
"Kelly, Merrill","518876","531","13.8",32.4,"116.9","90.2","79.1","94.3","87.5","448","165","404","231",43.5,"49",9.2,6.6
"Castillo, Luis","622491","530","14.5",32.1,"115.2","90.3","79.2","94","87.4","445","170","389","246",46.4,"55",10.4,7.4
"Mikolas, Miles","571945","529","13.8",34,"113.8","89.3","77.8","94.3","84.7","440","178","403","221",41.8,"67",12.7,10
"Sugano, Tomoyuki","608372","525","14.5",38.5,"116.3","90","79.6","93.9","86.8","433","176","399","209",39.8,"62",11.8,9.2
"Kikuchi, Yusei","579328","521","14.5",34.2,"112.2","91","80.7","94.2","89.4","434","174","400","220",42.2,"49",9.4,6.3
"Martinez, Nick","607259","519","16.2",37,"111.4","88.3","78.2","91.5","86.5","432","173","399","179",34.5,"36",6.9,5.3
"Springs, Jeffrey","605488","518","19.2",37.8,"115.3","88.3","77","92.8","82.9","463","192","397","193",37.3,"42",8.1,5.9
"Paddack, Chris","663978","518","16.3",35.9,"113.9","90.7","79.9","94.8","89","448","176","397","236",45.6,"53",10.2,7.9
"Kremer, Dean","665152","518","15.2",32.8,"113","88.1","76.7","93.6","83.3","429","173","401","182",35.8,"44",8.5,6.2
"Severino, Luis","622663","515","14",35.3,"112.4","88.3","75.8","92","85.9","455","167","406","216",41.9,"31",6,4.4
"Boyd, Matthew","571510","513","18",31.4,"114.7","88.5","77.3","91.4","88","425","174","388","195",38,"46",9,6.4
"Crochet, Garrett","676979","509","10.5",32,"115.5","87.7","75.5","92.1","85.2","453","150","390","190",37.3,"37",7.3,4.5
"Gray, Sonny","543243","508","11",34.8,"114.3","88.9","77","94.4","85.6","429","159","399","207",40.7,"50",9.8,6.6
"Bassitt, Chris","605135","505","10.5",34.5,"116.7","87.7","75.6","92.3","85.2","417","151","392","185",36.6,"43",8.5,5.8
"Bello, Brayan","678394","504","9",30.6,"113.7","88.8","77.4","92.5","86.3","430","147","393","198",39.3,"36",7.1,5.1
"Rodón, Carlos","607074","504","12.8",32.3,"115.5","88.6","77.3","93.2","84.4","434","162","380","196",38.9,"38",7.5,4.8
"Peterson, David","656849","500","4.3",34.4,"113.3","90.6","79.6","93.6","88.9","432","139","403","230",46,"32",6.4,4.4
"Holmes, Clay","605280","499","4.4",30.5,"114","89.7","78.4","95.6","86.2","433","134","396","211",42.3,"34",6.8,4.8
"Berríos, José","621244","497","15",32.2,"118.1","90.3","79.8","94.1","87.9","436","167","394","211",42.5,"56",11.3,8
"Woo, Bryan","693433","493","13.8",32.5,"120.4","89.1","77.6","93","87.1","429","162","393","206",41.8,"45",9.1,6.2
"Ray, Robbie","592662","492","17.7",35.2,"114.6","91","81.4","94","88.4","420","188","394","220",44.7,"47",9.6,6.2
"Elder, Bryce","693821","491","8.5",34,"117.6","90","78.8","94","86.2","445","156","404","215",43.8,"38",7.7,5.6
"Abbott, Andrew","671096","489","19.3",34.8,"111.1","87.8","77.1","91.6","85","437","182","396","165",33.7,"39",8,5.7
"Rodriguez, Eduardo","593958","489","16.3",35.4,"113.6","88.2","76.8","92.3","85.8","438","170","402","172",35.2,"40",8.2,5.8
"Senzatela, Antonio","622608","489","10.4",36.4,"114.7","90.9","80","94.5","87.5","466","171","414","225",46,"45",9.2,7.3
"Soriano, José","667755","488","-2.8",26.8,"115.4","91.4","80","95.7","89.6","427","107","400","235",48.2,"35",7.2,4.8
"Allen, Logan","671106","485","12.9",32.8,"117.5","88.6","77.2","93.4","85.7","441","159","395","182",37.5,"44",9.1,6.5
"Rea, Colin","607067","485","13.6",38.6,"115.7","89.8","79.3","93.7","87.5","440","172","396","199",41,"50",10.3,7.6
"Liberatore, Matthew","669461","482","15.3",36.1,"114.5","90.6","80.5","93.8","88","444","178","408","198",41.1,"51",10.6,7.9
"Luzardo, Jesús","666200","482","13.1",34,"112","88.5","77.5","91.4","86.4","420","162","399","179",37.1,"32",6.6,4.2
"Singer, Brady","663903","479","14.2",36.3,"116.5","90.3","80","94.4","86.8","439","176","393","195",40.7,"45",9.4,6.3
"Pivetta, Nick","601713","478","19.1",36.4,"115.5","90.3","79.7","94.3","85.5","467","190","403","215",45,"52",10.9,7.2
"Corbin, Patrick","571578","478","14.4",34.3,"113","89.2","78.3","93.1","86.3","441","168","400","193",40.4,"40",8.4,6
"Warren, Will","701542","470","12.2",36,"114.4","91","80.4","95","87.6","438","167","396","213",45.3,"51",10.9,7.2
"Fedde, Erick","607200","470","14.9",35.1,"113.2","90.2","80.2","93","88.7","450","168","391","200",42.6,"37",7.9,5.9
"Skubal, Tarik","669373","469","12.7",35.6,"114.2","86.1","73.8","92.3","80.3","450","165","407","155",33,"38",8.1,5.1
"Skenes, Paul","694973","469","12.2",29.4,"115.8","87.6","75.5","91.6","85.6","437","154","398","188",40.1,"27",5.8,3.7
"Ober, Bailey","641927","468","22.5",33.8,"116.6","89.6","78.8","93.8","85.6","445","193","399","183",39.1,"51",10.9,8.2
"Verlander, Justin","434378","467","18.2",37.3,"112.1","88.6","77.7","92.8","84.2","428","178","391","173",37,"38",8.1,5.7
"Priester, Quinn","682990","465","4.9",28.4,"114.1","89","78.2","94.4","86.3","418","133","390","183",39.4,"34",7.3,5.2
"Baz, Shane","669358","462","10.7",32.3,"113.9","89","77.8","94.1","86.1","433","153","384","182",39.4,"44",9.5,6.2
"Brown, Hunter","686613","459","10.1",31.4,"114.3","86.1","73.8","91.8","82.5","426","151","392","148",32.2,"27",5.9,3.7
"Suárez, Ranger","624133","456","12.9",29.2,"112.3","86.5","74.9","90.2","85.2","451","152","407","142",31.1,"25",5.5,3.8
"Márquez, Germán","608566","452","15.6",35.8,"112.7","91.7","81.6","94.5","89.9","456","183","407","219",48.5,"50",11.1,8.5
"Mize, Casey","663554","449","14",36.1,"114","90","79.4","93.2","87.4","442","177","399","191",42.5,"41",9.1,6.5
"Pepiot, Ryan","686752","445","15.9",36.6,"115.7","90.1","79.2","94.5","86.2","442","179","387","189",42.5,"43",9.7,6.3
"Williams, Gavin","668909","445","9.8",35.1,"115","90.4","80.2","94.6","86.8","445","165","402","197",44.3,"40",9,5.7
"Ryan, Joe","657746","444","18.7",33.1,"115.3","90.2","79.8","93.5","87.7","448","183","391","186",41.9,"51",11.5,7.4
"deGrom, Jacob","594798","444","16",33.1,"112.5","90.1","79.7","93.5","86.6","447","176","390","186",41.9,"41",9.2,6.1
"Peralta, Freddy","642547","443","18",33.9,"117.9","88","77","92.8","84.8","448","174","400","153",34.5,"41",9.3,5.7
"Nelson, Ryne","669194","442","14.3",36.2,"115","91.4","82","94.9","88.6","447","182","401","201",45.5,"33",7.5,5.3
"Martin, Davis","663436","442","11.2",36,"114.7","90.7","79.5","93.2","89.4","423","162","389","197",44.6,"43",9.7,7.2
"Lodolo, Nick","666157","442","12.6",30.8,"115","88.8","77.6","93.6","85","429","162","390","179",40.5,"36",8.1,5.6
"Anderson, Tyler","542881","435","21",41.6,"116.1","88","76.5","92.9","81.4","447","199","407","159",36.6,"48",11,8
"Lorenzen, Michael","547179","434","15.3",36.6,"117.2","89.3","78.8","92.7","87","454","175","403","170",39.2,"38",8.8,6.3
"Vásquez, Randy","681190","433","17.2",34.2,"118.4","89.1","78.1","93.3","87","445","173","400","170",39.3,"47",10.9,8.2
"Giolito, Lucas","608337","433","16.7",38.3,"113.7","90.3","79.6","93.7","87.9","468","176","399","178",41.1,"39",9,6.4
"Cease, Dylan","656302","429","16.6",36.4,"112.9","88.9","78.2","92.4","85.9","435","178","386","161",37.5,"37",8.6,5.1
"Flaherty, Jack","656427","429","16.2",37.5,"113.8","89.7","78.7","93.5","85.3","440","178","398","188",43.8,"44",10.3,6.5
"Leiter, Jack","683004","426","16.1",33.8,"112.3","90.5","80.1","93.4","89.1","479","176","394","187",43.9,"46",10.8,7.1
"Gore, MacKenzie","669022","426","16",35.7,"113.1","90.4","79.8","93.3","88.1","429","183","390","188",44.1,"45",10.6,6.6
"Lugo, Seth","607625","425","14.2",34.8,"115.6","90.7","80.3","95.1","87","458","180","405","192",45.2,"47",11.1,7.7
"Sears, JP","676664","424","21.2",33.5,"113.3","89.2","78.5","92.9","84.8","470","199","401","167",39.4,"40",9.4,6.9
"Imanaga, Shota","684007","423","21.7",33.8,"113.2","90.7","80.6","94.7","86.9","435","198","396","184",43.5,"49",11.6,8.6
"Yamamoto, Yoshinobu","808967","421","7.7",28,"117.6","88.3","76.2","92","86.6","425","137","399","167",39.7,"24",5.7,3.5
"Bradley, Taj","671737","418","12",31.8,"113","89.2","78.1","93.2","86.5","432","161","399","162",39.9,"30",7.2,5
"Morton, Charlie","450203","417","10.5",33.3,"115.5","91.2","81.4","94.2","88.5","451","165","397","182",43.6,"36",8.6,5.5
"Rasmussen, Drew","656876","416","10.1",29.6,"115.6","90.6","80.4","93.4","90","414","147","380","180",43.3,"26",6.3,4.4
"Quintana, Jose","500779","412","13.1",35,"114.1","88.7","77.3","93.1","85.5","444","167","392","172",41.7,"40",9.7,7.2
"Walker, Taijuan","592836","406","13.4",31.5,"113.2","89.6","79.2","93.9","86.8","452","158","395","168",41.4,"30",7.4,5.6
"Cecconi, Slade","677944","401","13.8",37.2,"114.5","91.7","81.6","95.2","88.9","452","177","394","197",49.1,"49",12.2,9
"Heaney, Andrew","571760","401","15.1",37.4,"115.5","90.2","79.3","93.7","87.2","442","177","401","175",43.6,"41",10.2,7.6
"Smith, Shane","681343","401","13.3",35.2,"116.3","90.3","79.5","93.3","87.3","438","172","403","182",45.4,"27",6.7,4.4
"Buehler, Walker","621111","400","11.8",35.8,"113.7","87.9","76","92.2","84.9","433","161","395","151",37.8,"38",9.5,6.7
"Cameron, Noah","702070","396","13",32.6,"117.9","87.9","76.2","93.1","84.3","469","163","408","148",37.4,"25",6.3,4.5
"Taillon, Jameson","592791","394","19.7",33,"117.4","88.3","77.1","93.2","82.8","436","182","395","151",38.3,"32",8.1,6.2
"May, Dustin","669160","393","12.5",34.9,"117.8","90.6","79.5","93.8","87.8","455","172","409","175",44.5,"36",9.2,6.2
"Burke, Sean","680732","393","17.5",38.9,"113.2","89.6","78.3","94.2","83.5","446","186","399","168",42.7,"41",10.4,6.9
"Lord, Brad","695418","392","10.1",34.4,"115.3","88.5","76.3","93.1","86.2","455","152","403","164",41.8,"28",7.1,5.1
"Falter, Bailey","663559","390","18.3",32.1,"114.7","90.5","79.8","94.5","87.6","466","178","403","176",45.1,"37",9.5,7.1
"Quantrill, Cal","615698","388","16.9",39.2,"113.7","90.4","79.7","94.7","85.8","450","192","404","172",44.3,"48",12.4,9.4
"Houser, Adrian","605288","380","9.3",30.3,"113.4","90.2","79.2","93.9","88.8","428","145","386","181",47.6,"23",6.1,4.4
"Kochanowicz, Jack","686799","375","6.9",28,"116.6","92.1","81.7","94.1","91.5","463","145","399","186",49.6,"35",9.3,6.8
"Cabrera, Edward","665795","373","9.4",31.1,"116.7","90.3","79","94","87.1","451","162","389","173",46.4,"32",8.6,5.5
"Junk, Janson","676083","353","14.7",35.1,"116","91.6","81.2","94.6","89.8","438","169","403","167",47.3,"30",8.5,6.7
"Kirby, George","669923","351","11.7",35.3,"113.3","90.6","80.6","92.3","90.3","435","158","398","154",43.9,"30",8.5,5.7
"Strider, Spencer","675911","349","14.8",39.5,"114.2","91.3","81.1","94.7","87.7","445","188","401","149",42.7,"37",10.6,6.9
"Wheeler, Zack","554430","349","13.2",36.7,"113.9","87.4","76.5","90.9","85","427","168","384","119",34.1,"25",7.2,4.3
"Kolek, Stephen","663568","346","7.4",32.9,"111.9","91.1","80.3","93.3","89.9","420","148","388","166",48,"21",6.1,4.6
"Kershaw, Clayton","477132","342","11.6",31.3,"112.7","89.7","78.9","93.6","87.7","431","152","406","144",42.1,"14",4.1,3
"Horton, Cade","690990","339","14.3",33.3,"116","89.7","79.2","93.1","87.5","426","168","392","140",41.3,"34",10,7.1
"Eovaldi, Nathan","543135","338","9.5",31.4,"111.7","88.6","77.5","92.9","85.9","439","141","392","130",38.5,"25",7.4,5
"Cannon, Jonathan","686563","335","17.4",37.3,"114.9","90.3","79.4","94.8","86.6","450","181","390","152",45.4,"36",10.7,7.7
"Patrick, Chad","694477","332","18.5",40.1,"117.7","89.4","78.5","92.5","87.6","416","185","395","140",42.2,"27",8.1,5.4
"Roupp, Landen","694738","326","9.8",36.2,"115.4","88.4","76.8","92.8","84.9","484","157","399","119",36.5,"29",8.9,6.1
"Povich, Cade","700249","326","13",36.5,"112.1","91.2","80.8","96","86.6","458","174","409","153",46.9,"37",11.3,7.6
"Gilbert, Logan","669302","324","15",32.1,"112.7","90.8","81.1","94","88.9","443","174","400","135",41.7,"28",8.6,5.2
"McGreevy, Michael","700241","319","9",33.2,"115.4","90.5","79.9","94.8","87","432","158","403","128",40.1,"28",8.8,7
"Bubic, Kris","663460","318","11.6",32.1,"114.4","87.6","75.4","92.2","84.6","436","149","395","125",39.3,"21",6.6,4.4
"Gusto, Ryan","687473","315","17.2",32.1,"113.8","90.6","80","94.6","87.3","426","179","388","144",45.7,"30",9.5,6.6
"Brown, Ben","676962","315","12.7",36.8,"113.3","92.4","82.8","95.5","90.2","431","170","394","149",47.3,"36",11.4,7.6
"Woods Richardson, Simeon","680573","315","20",34,"115.3","90.2","80.4","94.9","86.4","450","190","399","131",41.6,"36",11.4,7.6
"Senga, Kodai","673540","313","12.5",29.7,"114.7","88.9","77.1","93.6","86.1","424","157","400","127",40.6,"25",8,5.2
"Holmes, Grant","656550","308","9.3",36,"115.4","90.1","79.6","93.8","86.5","443","165","414","129",41.9,"31",10.1,6.3
"Alexander, Tyler","641302","308","16.6",37.3,"114.3","88.5","77.1","91.5","86.3","432","175","400","122",39.6,"18",5.8,4.3
"Civale, Aaron","650644","307","19.2",34.9,"113.1","88.5","77.6","92.5","84.9","418","182","391","120",39.1,"30",9.8,6.9
"Wentz, Joey","666214","306","15.9",36.3,"112","90.5","80.6","93.3","88.7","433","179","384","131",42.8,"29",9.5,6.6
"Schwellenbach, Spencer","680885","306","8.3",34.3,"112.5","88.8","76.9","93.4","86.1","442","151","409","127",41.5,"23",7.5,5.3
"Dollander, Chase","801403","304","12.5",36.5,"114.5","88.7","77.2","93.5","84","451","176","411","123",40.5,"35",11.5,7.9
"Sale, Chris","519242","302","12",36.1,"116.7","87.2","75.5","91.5","82.6","462","168","389","107",35.4,"19",6.3,3.7
"Mlodzinski, Carmen","669387","299","8.6",34.4,"113.7","90.2","79.9","94.3","87.8","436","147","410","120",40.1,"18",6,4.3
"Lauer, Eric","641778","296","21.6",38.5,"113.7","90.6","81.2","93.1","88.6","405","198","389","124",41.9,"24",8.1,5.6
"Rogers, Trevor","669432","289","13.1",31.5,"115.2","89.7","77.9","93.9","88.3","451","159","411","140",48.4,"22",7.6,5.2
"Gordon, Colton","676467","286","19.3",38.5,"113.5","89","77.8","93.3","84.4","441","188","390","116",40.6,"33",11.5,8.7
"Williams, Trevor","592866","285","18.1",39.3,"115.8","90","79.8","92.5","87.4","442","184","390","116",40.7,"24",8.4,6.4
"Hancock, Emerson","676106","285","13.4",35.4,"112.3","89","77.6","93.2","86.2","434","161","391","121",42.5,"22",7.7,5.7
"Montero, Keider","672456","284","14.5",37.3,"112.4","89.1","78.2","93.3","84.7","432","174","392","112",39.4,"23",8.1,5.9
"Vasil, Mike","678024","280","8.4",30.4,"111.1","89.3","78.4","93","87.8","434","145","395","107",38.2,"20",7.1,4.7
"Miller, Bryce","682243","280","16.8",34.3,"117","92.4","82.6","95.2","91.5","459","174","400","136",48.6,"26",9.3,6.6
"Spence, Mitch","687765","278","12.5",37.8,"113.1","90.2","79.3","93.2","88.1","439","167","403","119",42.8,"33",11.9,8.8
"Nola, Aaron","605400","275","12.7",34.9,"109.8","89.4","78.7","94.6","85","422","164","386","119",43.3,"25",9.1,6.2
"Burrows, Mike","681347","269","13.8",33.1,"113.1","89.2","77.4","93.2","85.8","419","166","393","113",42,"29",10.8,7.2
"Bellozo, Valente","678368","266","22",33.8,"116.5","89.7","78.9","93.9","85.3","468","196","395","110",41.4,"31",11.7,8.9
"Newcomb, Sean","656794","263","9.9",33.5,"113.2","88.9","77.8","92.7","85.9","430","152","390","110",41.8,"15",5.7,3.8
"Greene, Hunter","668881","260","20.2",35.8,"115.3","90.4","80","93.2","88.7","457","186","395","117",45,"25",9.6,6
"Ginn, J.T.","669372","256","7.8",26.2,"113.7","88.4","75.4","95.3","84.6","458","141","406","114",44.5,"25",9.8,6.4
"Evans, Logan","688138","256","13.6",36.3,"113.3","89.9","79","92.6","87.2","448","174","391","109",42.6,"27",10.5,7.7
"Gordon, Tanner","685299","255","17",42,"112.7","90.1","78.9","93.9","86.1","452","192","412","105",41.2,"29",11.4,8.6
"Leahy, Kyle","681517","254","10.2",37.4,"115.2","89.1","77.1","93.3","86.1","419","159","397","112",44.1,"25",9.8,6.9
"Bido, Osvaldo","674370","254","20.1",33.1,"114.7","90.4","80","93.9","85.7","471","195","412","104",40.9,"30",11.8,8.3
"Bivens, Spencer","702352","252","7.2",28.6,"114.7","87.5","75.9","93.1","84.9","413","140","388","94",37.3,"18",7.1,5.2
"Mahle, Tyler","641816","251","14.4",37.8,"111.5","88.5","77.7","93.6","83.2","422","178","391","93",37.1,"20",8,5.8
"Scherzer, Max","453286","251","21.5",38.2,"112.5","88.3","77","92.1","83.9","434","207","401","96",38.2,"31",12.4,8.7
"Cantillo, Joey","676282","251","12.5",34.3,"111.7","89.5","78.3","93.5","86","433","167","404","105",41.8,"18",7.2,4.5
"Vargas, Carlos","672841","247","4.6",25.9,"117.7","88.6","77.9","91.3","87.3","444","132","386","87",35.2,"12",4.9,3.6
"Pérez, Eury","691587","245","22.3",31.8,"114.5","90.5","79.8","94.2","85.7","433","193","394","114",46.5,"22",9,5.7
"Eflin, Zach","621107","244","11.4",34,"112.3","89.6","78.8","92.9","86.1","467","170","384","99",40.6,"23",9.4,7.4
"Ortiz, Luis L.","682847","243","9.4",32.9,"114.6","91.8","81.2","95.7","88.9","422","160","383","116",47.7,"25",10.3,6.5
"Alexander, Jason","669920","242","10.8",35.1,"113.4","89.8","77.8","94.7","87.1","418","159","379","111",45.9,"20",8.3,6
"Rogers, Tyler","643511","242","-2.9",26,"113.7","85.8","73.5","90.6","83.8","401","108","379","80",33.1,"5",2.1,1.7
"Matthews, Zebby","805673","242","16.5",44.2,"113.5","89.2","78.1","92.4","85.6","429","190","389","94",38.8,"24",9.9,6.8
"Lopez, Jacob","682052","241","21.8",39,"110.9","86.9","75.2","92.4","78","448","192","406","80",33.2,"16",6.6,4
"Soroka, Michael","647336","240","14.3",27.5,"112","89.2","78.4","94.3","85.4","415","165","381","97",40.4,"16",6.7,4.2
"Casparius, Ben","676508","238","19.5",31.9,"111.6","87.5","77.2","91.1","84.2","430","180","385","76",31.9,"17",7.1,5.1
"Matz, Steven","571927","237","10.7",31.2,"110.9","88.4","76.8","94.6","85.4","435","151","398","96",40.5,"15",6.3,4.9
"Phillips, Tyler","663969","235","5.5",26,"115.1","89.2","77.4","92.8","87.3","424","131","405","102",43.4,"12",5.1,3.8
"Latz, Jacob","656641","235","17.6",33.2,"119.6","90","79.2","93.1","88.2","431","169","395","100",42.6,"15",6.4,4.3
"Rutledge, Jackson","671131","234","16.7",30.8,"111","91","80.5","94.9","89.1","434","165","394","115",49.1,"23",9.8,6.9
"Herget, Jimmy","623474","233","18.5",35.2,"109.9","88.7","77.9","93.2","84.9","432","182","402","91",39.1,"17",7.3,4.9
"Holton, Tyler","663947","231","10.2",31.2,"112.6","87.7","75.5","92","85.8","435","150","398","87",37.7,"19",8.2,6.1
"Ferrer, Jose A.","678606","230","0.8",27.4,"112.6","89.1","77.2","90.7","88.4","436","113","399","97",42.2,"11",4.8,3.4
"Canning, Griffin","656288","223","7.8",31.8,"113.8","91.2","81","95","89.4","432","154","377","102",45.7,"21",9.4,6.4
"Blalock, Bradley","687134","222","12.8",36.5,"113.7","91.4","80.7","94.7","87.3","446","183","413","102",45.9,"27",12.2,9.8
"Gomber, Austin","596295","220","18.2",38.6,"115.9","88.1","76.2","92.8","82.9","453","196","419","87",39.5,"32",14.5,11.8
"Peralta, Wandy","593974","218","3.7",29.4,"116.2","87.6","75.3","93.5","83.9","412","130","379","79",36.2,"15",6.9,4.8
"Suter, Brent","608718","218","13.5",33.5,"111.3","85.8","73.6","90.3","82.3","425","167","399","70",32.9,"17",7.8,5.8
"Hicks, Jordan","663855","215","5.8",31.6,"115.2","90","79","93.6","88.4","423","130","383","98",45.6,"10",4.7,3.2
"Hill, Tim","657612","215","-2.2",21.4,"114.1","90","78.7","93.6","88.4","424","112","395","97",45.1,"17",7.9,6.3
"López, Pablo","641154","215","14.4",39.5,"116.5","88.7","77.8","92.9","84.8","414","172","408","76",35.3,"13",6,4.2
"Glasnow, Tyler","607192","214","11.1",33.2,"111.9","88.2","77.4","91.3","86","407","164","386","80",37.4,"17",7.9,4.6
"Bergert, Ryan","686701","214","20",40.7,"110.9","90","81","92.3","86.3","426","196","400","78",36.4,"15",7,4.6
"Milner, Hoby","571948","212","6.7",27.8,"115.4","88.4","77.9","93.5","85.1","434","142","407","78",36.8,"19",9,6.5
"Sands, Cole","663485","212","12.4",32.1,"113.2","89.4","78.4","93.6","86.8","418","163","391","88",41.5,"21",9.9,7
"Schmidt, Clarke","657376","212","19.6",32.5,"112.5","88.1","77.1","93.3","82.2","433","186","391","75",35.4,"14",6.6,4.4
"Lynch IV, Daniel","663738","212","10.4",27.8,"116","88.6","76.9","95.5","84.5","447","152","422","90",42.5,"17",8,5.9
"Dreyer, Jack","676263","209","17",30.6,"109.6","90.3","81","93.7","87.7","417","168","402","83",39.7,"11",5.3,3.6
"Allard, Kolby","663465","209","17.8",34.4,"115.5","88.2","77.5","92.2","87.6","431","168","389","75",35.9,"12",5.7,4.5
"Rocker, Kumar","677958","204","8.3",34.3,"114.1","91.2","79.8","94.8","88.6","456","159","412","97",47.5,"24",11.8,8.4
"Hanifee, Brenan","669724","204","4.1",29.9,"115.6","90.5","79.5","95.6","87.3","406","133","384","91",44.6,"14",6.9,5.4
"Chivilli, Angel","683409","203","5.6",31.5,"114.3","89.9","78.2","95.4","85.3","445","148","399","87",42.9,"20",9.9,7.3
"Darvish, Yu","506433","203","15.3",32.5,"115","87.3","76.4","93","82.6","423","170","395","67",33,"18",8.9,6.1
"King, Michael","650633","202","15.8",35.1,"113","87.8","75.3","92.3","85.1","437","169","394","77",38.1,"23",11.4,7.5
"Eisert, Brandon","685126","202","13.2",38.6,"111.7","87.8","76.4","92.3","82.9","431","171","388","75",37.1,"19",9.4,6.2
"Bazardo, Eduard","660825","202","15.1",32.7,"114.2","88.5","77.7","92.6","85.8","411","173","389","75",37.1,"19",9.4,6.1
"Francis, Bowden","670102","201","20.7",34.3,"113.1","91.6","81.1","95.2","89","426","187","386","105",52.2,"25",12.4,8.7
"Morejon, Adrian","670970","199","5.1",30.2,"111.5","85.9","74","90.6","83.4","426","129","413","61",30.7,"8",4,2.8
"Kinley, Tyler","641755","199","20.5",34.7,"112.8","87","75.9","91","83.6","450","184","416","59",29.6,"14",7,4.5
"Topa, Justin","623437","197","7.7",35,"114.5","89.3","77.6","93.4","88","396","147","385","88",44.7,"11",5.6,4.1
"Varland, Louis","686973","197","5.3",33.5,"112.9","90.2","79.2","94.5","88.1","412","139","393","86",43.7,"18",9.1,6.1
"Weissert, Greg","669711","197","13.5",35.5,"115.7","89.8","80.2","93","88","439","165","393","76",38.6,"15",7.6,5.4
"Junis, Jakob","596001","197","12.4",30.5,"109.8","87.6","75.7","93.2","82.6","423","158","379","76",38.6,"12",6.1,4.4
"Ashcraft, Braxton","677952","195","9.1",30.8,"111.5","88","76.4","92.7","85.1","418","148","389","75",38.5,"9",4.6,3.1
"Ashcraft, Graham","668933","195","4.7",29.7,"112.8","84.8","71.4","90.8","82.5","414","121","384","63",32.3,"8",4.1,2.8
"Meyer, Max","676974","195","8.7",30.3,"112.7","91.9","82","95.1","89.7","429","151","391","94",48.2,"18",9.2,6.3
"Anderson, Grant","681982","194","12.2",31.4,"117.9","88.8","77.3","91.7","86.7","428","159","392","74",38.1,"10",5.2,3.3
"Zerpa, Angel","672582","193","0",30.1,"111.2","89.5","78.2","94.5","86.7","435","121","405","83",43,"16",8.3,5.8
"Banks, Tanner","621383","193","14.9",39.9,"112.3","87.8","76.4","91.6","83.3","427","180","395","71",36.8,"15",7.8,5.6
"De Los Santos, Enyel","660853","192","16.8",38,"114","87.6","74.8","91.9","84.1","450","175","412","77",40.1,"17",8.9,6.1
"Rodríguez, Yariel","684320","192","15.8",39.1,"109.3","86.4","74","90.8","82.9","415","166","393","69",35.9,"18",9.4,6
"Dobbins, Hunter","690928","192","9.5",31.8,"111.3","89.3","77.9","94.3","85.5","436","151","393","80",41.7,"13",6.8,5.1
"Buttó, José","676130","191","8.6",29.8,"112.6","90.1","79.7","95.4","85.7","440","154","413","76",39.8,"18",9.4,6.3
"Santillan, Tony","663574","191","17.4",35.1,"114.3","91.8","81.4","94.5","91.2","437","175","395","87",45.5,"16",8.4,5.3
"Ferguson, Caleb","657571","191","5.6",35.6,"112.2","84.8","72.9","88.7","82.3","451","141","435","53",27.7,"6",3.1,2.2
"King, Bryan","687911","191","14.4",33,"109","88.4","78.1","92","85.7","411","162","387","69",36.1,"11",5.8,4
"Santana, Dennis","642701","190","15.9",33.2,"112.9","88.9","78.5","93.7","83.5","425","185","410","71",37.4,"20",10.5,7.4
"Olson, Reese","681857","190","12",36.8,"112.7","91.5","81.7","93.3","90.6","418","163","395","85",44.7,"14",7.4,4.9
"Estévez, Carlos","608032","189","23.4",35.4,"111.8","89.1","78.5","92.4","86.2","412","191","393","72",38.1,"20",10.6,7.4
"Webb, Jacob","657097","188","23",30.3,"114.8","86.6","75.1","90.5","83.7","431","182","392","65",34.6,"11",5.9,4.1
"Yarbrough, Ryan","642232","188","15.5",39.9,"113.8","86.1","73.7","89.7","82.9","440","173","385","64",34,"13",6.9,4.9
"Bachar, Lake","669199","188","17.7",38.3,"111.4","90.3","80.4","95.7","84.3","425","184","409","78",41.5,"20",10.6,6.8
"Birdsong, Hayden","806185","188","20",36.2,"113","89.8","79.2","94","86.6","443","183","402","88",46.8,"18",9.6,6
"Gómez, Yoendrys","672782","187","17.5",36.9,"116.7","89.4","79.1","93.9","84.2","424","187","386","70",37.4,"23",12.3,8.3
"Young, Brandon","687064","187","13.3",32.1,"113.7","89.4","78.2","95.6","83.6","429","164","391","79",42.2,"19",10.2,7.4
"Vest, Will","676684","186","6.1",24.7,"113.7","88.8","77.5","91.5","87.9","417","128","398","77",41.4,"8",4.3,2.8
"Kahnle, Tommy","592454","185","11.5",32.4,"110.4","88.3","77.4","93.4","85","431","145","399","69",37.3,"17",9.2,6.4
"Duran, Jhoan","661395","185","-2.4",22.2,"113.6","89.4","77.7","92.4","88.3","424","107","403","77",41.6,"8",4.3,2.8
"Ureña, José","570632","185","15.5",36.2,"112.6","89.6","78.5","94.6","84.4","438","176","409","74",40,"24",13,9.8
"Wrobleski, Justin","680736","184","6.9",30.4,"112.4","92","81.7","94","91.9","422","142","404","88",47.8,"7",3.8,2.5
"Burke, Brock","656271","184","8.4",29.9,"113.8","89","77","92.6","87.2","425","148","382","75",40.8,"13",7.1,5.1
"Schlittler, Cam","693645","184","14.5",41.3,"114","89","78.2","92.9","85.2","443","178","406","74",40.2,"15",8.2,4.9
"Armstrong, Shawn","542888","184","19.1",32.6,"113.7","88","77.7","91.4","84.8","443","180","415","63",34.2,"13",7.1,4.6
"Uceta, Edwin","670955","183","17.2",39.3,"113.6","88.6","77","93.3","82.7","425","188","397","67",36.6,"17",9.3,5.3
"Schreiber, John","670167","183","15.2",35,"113","88.5","77.3","91.9","85.9","429","175","407","70",38.3,"17",9.3,6.4
"Walker, Ryan","676254","180","5.9",31.1,"112.5","87","74.9","92.2","82.6","432","138","387","64",35.6,"9",5,3.4
"King, John","667463","180","-0.4",28.9,"117.9","89.7","78.1","91.8","88.2","443","122","400","78",43.3,"9",5,4.1
"Erceg, Lucas","668674","179","8.2",27.9,"116.5","89.1","77.8","93.2","87.7","403","143","388","67",37.4,"13",7.3,5.2
"Gaddis, Hunter","683769","179","17.4",34.1,"113.7","90.1","79.7","93.9","86.5","421","177","399","70",39.1,"17",9.5,6.2
"Harris, Hogan","663687","178","14.9",34.8,"111.9","88","77.9","90.1","86.3","431","184","396","58",32.6,"10",5.6,3.6
"Sheehan, Emmet","686218","178","20.1",37.6,"114.9","89.3","78.5","92.6","84.9","439","187","405","74",41.6,"18",10.1,6.2
"Garcia, Robert","676395","178","11.9",37.6,"111.8","88.6","77.7","92.3","83.5","439","173","392","61",34.3,"14",7.9,5.2
"Barlow, Scott","605130","177","17",32.2,"114.6","86.2","74.8","91.3","83.2","493","156","408","54",30.5,"13",7.3,4.3
"Matsui, Yuki","673513","177","20.6",30.5,"113.8","88.5","77.6","92.9","84.8","413","186","390","66",37.3,"16",9,5.9
"Koenig, Jared","657649","176","12.9",29.5,"112.9","88.7","78.6","92.3","85.6","420","162","395","61",34.7,"9",5.1,3.4
"Suarez, Robert","663158","176","15.5",37.5,"114.7","90.5","80.1","94.6","87.1","415","176","392","75",42.6,"16",9.1,5.9
"Megill, Tylor","656731","176","14.8",30.1,"114.7","90.3","79.6","93.6","88.8","409","160","392","77",43.8,"11",6.3,3.6
"Lee, Dylan","669276","176","16.9",30.7,"112.9","87.6","76.7","93","82.2","423","172","385","59",33.5,"18",10.2,6.8
"Akin, Keegan","669211","175","16.7",36.6,"110.7","89.4","78.3","92.8","85.7","421","182","399","73",41.7,"17",9.7,6.3
"Iglesias, Raisel","628452","175","20.4",38.9,"111.5","89","79.1","93","84.3","423","194","402","61",34.9,"15",8.6,5.6
"Uribe, Abner","682842","175","6.3",28.6,"113.4","86.2","73.6","90.3","84.6","427","124","405","61",34.9,"5",2.9,1.7
"Baker, Bryan","641329","174","16.7",35.1,"110.7","90.6","79.6","94.9","87.9","433","185","401","84",48.3,"22",12.6,8
"Henriquez, Ronny","678692","174","15.8",33.9,"112.6","88.3","76.8","93.3","84.3","417","173","405","74",42.5,"19",10.9,6.3
"Brazobán, Huascar","623211","174","11.5",28.7,"111.5","87.1","75.6","92.2","83.6","431","149","401","60",34.5,"14",8,5.3
"Wilson, Bryse","669060","174","17.2",39.1,"114.3","91.3","80.3","92.8","90.7","417","181","396","79",45.4,"19",10.9,8.5
"Soto, Gregory","642397","174","10.5",33.9,"115.2","88.9","77.4","93.1","87","422","154","391","66",37.9,"7",4,2.5
"Smith, Cade","671922","173","15.8",38.7,"114.1","89.2","79.1","90.7","89.1","429","176","402","64",37,"7",4,2.3
"Keller, Brad","641745","173","6.5",29.5,"108","86.7","75.8","92.3","84.7","426","125","414","53",30.6,"10",5.8,3.6
"Burnes, Corbin","669203","173","6.6",33.5,"113.4","89.5","78","94.5","86.4","448","144","410","72",41.6,"14",8.1,5.3
"Whitlock, Garrett","676477","173","11.2",35.3,"119","88.5","77.1","93.1","84.9","401","160","395","63",36.4,"15",8.7,5.1
"Beck, Tristan","663941","173","14.7",34.7,"111.8","90.1","80.6","93.1","88.9","422","166","397","66",38.2,"15",8.7,6.5
"Hoffman, Jeff","656546","172","15.7",31.4,"115.3","89.3","77.8","95.9","83.3","432","167","399","68",39.5,"22",12.8,7.7
"Okert, Steven","595345","171","25.3",29.2,"110.5","88.4","78.4","91.6","85.4","398","195","382","56",32.7,"12",7,4.3
"Hurter, Brant","676428","171","9.7",32.2,"109.9","87.7","76.6","91.5","85.9","405","144","381","63",36.8,"6",3.5,2.2
"Adam, Jason","592094","171","15",22.8,"110.3","88.8","78.7","91.7","86.3","428","158","398","65",38,"12",7,4.4
"Banda, Anthony","607455","171","13.8",35.1,"112.4","89.8","80","91.2","89.7","428","172","399","66",38.6,"15",8.8,5.6
"Cano, Yennier","666974","170","6.1",27.1,"109.5","88.1","77.2","93.4","85.3","407","131","387","60",35.3,"8",4.7,3.2
"Kerkering, Orion","689147","170","15",36.5,"113.9","85.9","73.9","90.2","84","414","158","384","57",33.5,"11",6.5,4.1
"Manaea, Sean","640455","169","17.3",39.1,"115","89.8","78.7","94.8","86.2","440","177","390","72",42.6,"15",8.9,5.7
"Gil, Luis","661563","169","21.3",35.5,"115","90.5","80.1","93.4","89","428","186","403","72",42.6,"14",8.3,5.7
"Faucher, Calvin","676534","169","8.1",37.3,"113.4","87.7","76.5","91.3","85.1","426","157","399","58",34.3,"8",4.7,3.1
"Doval, Camilo","666808","168","6.2",28.6,"111.1","88.6","76.7","93.5","85.6","427","135","413","68",40.5,"10",6,3.6
"Romero, JoJo","668941","168","5.1",28.6,"113.9","87.3","75.6","93.3","85","436","132","412","59",35.1,"12",7.1,4.7
"Weaver, Luke","596133","168","22",35.7,"114.8","90","80","92.9","85.2","421","205","388","67",39.9,"14",8.3,5.3
"Ross, Joe","605452","168","11",37.5,"111","89.3","77.5","94.7","85.7","437","165","410","73",43.5,"20",11.9,8.8
"Sterner, Justin","686993","167","22",33.5,"112.3","89.8","79.7","93.8","85.6","433","194","402","65",38.9,"16",9.6,6
"Estrada, Jeremiah","669093","166","21.4",33.1,"112.7","90.1","80.2","93.1","89.2","447","179","399","65",39.2,"15",9,4.9
"Fairbanks, Pete","664126","166","14.3",28.9,"109.2","90.2","80.6","92.9","88.9","428","152","393","71",42.8,"8",4.8,3.3
"McCullers Jr., Lance","621121","166","12.1",33.7,"111","90.5","79.4","96.1","86.7","443","160","381","83",50,"19",11.4,6.9
"Pagán, Emilio","641941","165","23.7",29.7,"110.5","88.9","78.9","93.3","84.5","422","195","385","61",37,"15",9.1,5.6
"Ashby, Aaron","676879","165","-0.1",28.5,"114.3","89.2","78.1","90.6","88.7","416","120","398","66",40,"5",3,1.9
"Alcala, Jorge","660896","165","20.2",33.9,"112.4","88.8","77.5","94.1","84.4","426","179","397","62",37.6,"18",10.9,7
"Wilson, Steven","621051","165","24.9",35.2,"114.9","89.6","80.5","92.1","87.1","451","200","394","60",36.4,"9",5.5,3.7
"Myers, Tobias","668964","165","15.4",32.7,"113.7","90.3","80.3","93.3","89.3","420","182","388","74",44.8,"11",6.7,5
"Stanek, Ryne","592773","165","19.9",37,"110.2","90.3","80.3","93.1","88.4","406","188","379","72",43.6,"18",10.9,7.1
"Strahm, Matt","621381","164","29.4",33.5,"112.3","89.4","79.7","91.8","90.1","424","194","408","63",38.4,"7",4.3,2.7
"Helsley, Ryan","664854","163","11.4",36.8,"111.8","91","81.2","93.5","89.1","415","165","393","68",41.7,"12",7.4,4.8
"Mejia, Juan","675848","162","15.5",34,"116.2","85.8","73","90.4","83.3","423","170","396","56",34.6,"8",4.9,3.1
"Beeks, Jalen","656222","162","12.5",29,"111.9","88.5","76.3","92.3","85.6","419","159","395","64",39.5,"17",10.5,7.4
"Jax, Griffin","643377","161","6.7",38.5,"110.9","89.2","77.1","94.2","84.6","420","148","388","71",44.1,"15",9.3,5.3
"Mears, Nick","683232","161","16.6",39.1,"112.2","90.4","80.1","94.5","85.2","417","199","389","69",42.9,"17",10.6,7.7
"Carrasco, Carlos","471911","161","16.6",38.5,"110.4","90.7","79.8","91.9","89.5","415","180","391","69",42.9,"17",10.6,8
"Pérez, Martín","527048","160","15.1",33.1,"112.6","88.2","76.1","95","82.5","427","177","395","63",39.4,"24",15,10.5
"Gibson, Cade","806188","160","7.2",31.3,"111.6","87.9","76.8","92","86.2","430","136","407","60",37.5,"9",5.6,3.9
"García, Luis","472610","159","4.9",35.8,"113.3","90.8","79.7","94.7","87.8","413","146","400","77",48.4,"12",7.5,5.2
"Detmers, Reid","672282","159","9.9",32.7,"118.3","90.1","79.3","93.6","87.2","423","158","387","68",42.8,"13",8.2,4.9
"Johnson, Pierce","572955","159","17.2",37.7,"111.7","90.4","80.6","93","88","438","190","404","68",42.8,"14",8.8,5.9
"Cavalli, Cade","676917","158","3.8",29.7,"109.7","87.7","74.8","93.3","85.2","424","137","392","66",41.8,"7",4.4,3.2
"Montero, Rafael","606160","158","11.4",25.3,"108.8","88.3","76.8","91.2","85.9","416","147","406","61",38.6,"11",7,4.3
"Leasure, Jordan","673929","157","24.3",36.9,"114.7","89.1","78.4","93.5","84.2","409","182","384","59",37.6,"17",10.8,6.3
"Little, Brendon","663893","157","1.4",30.6,"112.4","89.7","78","95.3","87.3","428","121","407","74",47.1,"10",6.4,3.4
"Jansen, Kenley","445276","157","25.4",31.2,"119.6","91.5","82.3","94.1","89.9","430","199","401","70",44.6,"14",8.9,6
"Abreu, Bryan","650556","156","16.9",35.9,"112.6","90.6","80.4","95","86.7","447","178","400","71",45.5,"13",8.3,4.4
"Scott, Tanner","656945","156","18",34,"109.3","90.8","81","93.6","90.1","433","170","400","66",42.3,"14",9,5.9
"Snell, Blake","605483","156","5.6",34,"113.5","86.2","73.4","91.5","81.8","400","141","356","53",34,"9",5.8,3.5
"Seymour, Ian","693855","156","15.1",39.7,"109.6","88.7","77.6","92.2","84.5","426","178","389","59",37.8,"11",7.1,4.5
"Woodruff, Brandon","605540","156","24.6",28.8,"109.4","87.9","76.8","91.7","85.5","428","174","392","56",35.9,"11",7.1,4.3
"Bummer, Aaron","607481","156","2.9",33.3,"115.8","89.7","79.9","92.3","87.8","461","128","443","61",39.1,"5",3.2,2.1
"Finnegan, Kyle","640448","154","11.5",32.5,"111","90.4","80.2","92.2","89.6","400","149","386","66",42.9,"12",7.8,5.2
"Ferguson, Tyler","621053","154","19.3",33.1,"112.6","87.5","76.9","91.8","83.2","432","178","414","49",31.8,"10",6.5,4.1
"Bird, Jake","656234","154","8.6",34.4,"110.7","88.5","76.5","91.4","85.9","439","153","403","66",42.9,"13",8.4,5.2
"Festa, David","701581","153","19.8",33.3,"113.4","90.4","79.9","95.1","86.5","441","183","414","62",40.5,"18",11.8,7.9
"Walter, Brandon","687888","153","12",30.7,"112","86.2","73.6","92.1","81.9","445","155","398","59",38.6,"11",7.2,5.2
"Clarke, Taylor","664199","152","13.6",29.6,"113.1","89.3","78.6","93.5","86.3","451","160","410","62",40.8,"12",7.9,5.8
"Misiorowski, Jacob","694819","152","15.9",40.8,"109.3","89","79.2","92.7","84.8","431","189","393","57",37.5,"12",7.9,4.4
"Bernardino, Brennan","657514","151","9.5",28.5,"112.9","87.6","75.5","93.4","85","391","139","355","54",35.8,"11",7.3,4.9
"Thielbar, Caleb","573204","151","19.3",29.8,"113.6","87.9","77.4","91.3","86.9","419","163","405","48",31.8,"10",6.6,4.5
"Jobe, Jackson","695549","150","13.1",36,"111.9","89.1","77.7","94.6","85.2","436","163","396","65",43.3,"13",8.7,6
"Festa, Matt","670036","150","13.2",36,"106.9","87.4","76.4","90.6","85","411","161","405","51",34,"9",6,4
"Jackson, Luke","592426","150","7.7",28,"114.4","90.8","80.1","95.8","87.9","421","144","401","66",44,"10",6.7,4.6
"Waldrep, Hurston","694462","149","6.3",32.2,"114.3","89.1","78.6","93.1","86.5","423","149","406","58",40.3,"6",4,2.6
"Houck, Tanner","656557","149","6.8",35.6,"112.2","91","79.8","95","87.8","432","151","396","69",46.3,"12",8.1,5.9
"Garrett, Reed","657585","147","12.7",36.1,"111.7","88","75.7","93.3","83.7","417","164","371","60",40.8,"7",4.8,2.9
"Henry, Cole","669371","146","23.3",30.8,"111.2","88.8","77.5","92.6","88.7","412","175","397","54",37,"11",7.5,4.6
"Trivino, Lou","642152","146","20.1",33.6,"113.2","87.1","75.9","90.3","85.6","414","167","398","45",30.8,"14",9.6,6.8
"Bednar, David","670280","145","11.2",35.9,"115.4","89.2","78.2","93.3","85.3","426","161","408","61",42.1,"13",9,5.2
"Zeferjahn, Ryan","666171","145","15.1",37.9,"114.9","88.3","77","91.7","84.9","433","183","395","54",37.2,"15",10.3,5.9
"Speier, Gabe","642100","145","15",26.9,"112.4","89.7","78.7","93.5","86.6","422","171","386","59",40.7,"13",9,5.3
"Leiter Jr., Mark","643410","144","13.8",29.2,"111","87.2","75.7","89.4","85.2","429","147","402","48",33.3,"8",5.6,3.7
"Domínguez, Seranthony","622554","144","13.4",34.7,"114.5","87.5","76.2","92.6","85.1","422","150","393","53",36.8,"10",6.9,3.8
"Rogers, Taylor","573124","142","13.1",34.5,"110.2","90.1","78.8","95.6","86.3","448","162","385","63",44.4,"14",9.9,6.3
"Svanson, Matt","694335","142","9.8",39.4,"113.9","89.1","78.3","92.5","86.4","405","163","389","51",35.9,"12",8.5,5.1
"Hernández, Carlos","672578","140","17.7",31.4,"114.5","89.7","78.5","92.2","89.9","420","180","402","54",38.6,"16",11.4,7.9
"Williams, Devin","642207","140","11.3",32.1,"113.7","89.5","79.3","92.1","88.2","456","163","410","50",35.7,"13",9.3,5
"Gilbert, Tyler","656457","140","20.4",35,"112.1","90","80","91.8","90.5","410","188","389","57",40.7,"14",10,6.5
"Vodnik, Victor","680767","140","4.1",31.4,"112.7","91","80","95.4","88","434","148","400","68",48.6,"12",8.6,5.6
"Bender, Anthony","669622","139","8.4",23.7,"114.8","89.6","78.7","93.3","86.4","428","152","402","62",44.6,"10",7.2,4.9
"Muñoz, Andrés","662253","138","8.8",31.9,"108.8","86.9","74.4","90.5","84.6","410","143","399","55",39.9,"9",6.5,3.5
"Legumina, Casey","668984","137","17.1",29.2,"112.9","90.6","79.8","93.5","88.2","448","173","394","60",43.8,"12",8.8,5.5
"Maton, Phil","664208","137","12.2",38.7,"110.5","84.8","72.3","89.9","81.9","413","152","382","42",30.7,"5",3.6,2
"Ragans, Cole","666142","137","16.6",32.1,"117.2","88.4","76.6","92.8","85.9","419","176","396","54",39.4,"13",9.5,5.1
"Boyle, Joe","671212","137","15.1",29.2,"113.4","91.1","80.5","93.6","89.8","436","162","385","63",46,"14",10.2,6.2
"Palencia, Daniel","694037","136","14.4",38.2,"113","90.1","80.2","94.6","86.8","438","171","385","66",48.5,"6",4.4,2.8
"Cleavinger, Garrett","664076","136","11.8",34.6,"110","88.8","76.4","93.5","85.4","432","156","382","56",41.2,"8",5.9,3.3
"Kittredge, Andrew","552640","133","7.8",33.8,"112.8","90.7","80","93","88.8","419","160","385","59",44.4,"9",6.8,4.3
"Fluharty, Mason","689254","133","16.3",30.1,"115","86.6","74.9","90.5","85.5","446","167","394","44",33.1,"10",7.5,4.7
"Díaz, Edwin","621242","131","11.3",32.8,"111.3","88.5","77.1","93.7","83.8","412","154","382","52",39.7,"6",4.6,2.3
"Vesia, Alex","681911","130","24.9",38.5,"113","88.5","77.2","94.7","82.6","443","182","405","49",37.7,"14",10.8,5.9
"Wilson, Justin","458677","128","12.9",35.2,"111","89.2","79","90.9","88.4","415","151","393","46",35.9,"9",7,4.3
"Chapman, Aroldis","547973","128","18.9",34.4,"108.5","88.8","78.4","92.3","85.9","410","175","387","47",36.7,"7",5.5,3.1
"Pomeranz, Drew","519141","126","16.9",34.1,"111.5","90.1","79.8","92.2","90.4","422","170","404","54",42.9,"11",8.7,5.4
"Montgomery, Mason","682254","118","12.1",33.9,"112.8","89.3","78","90.8","89.4","430","160","385","46",39,"11",9.3,5.3
"Hader, Josh","623352","111","29.2",34.2,"108.7","88","77.7","92.5","80.2","443","195","377","38",34.2,"9",8.1,4.4
"Miller, Mason","695243","101","16.4",36.6,"107.2","87.9","77.1","92.2","84.4","439","181","399","38",37.6,"10",9.9,4.3